time,id
2021-11-28 22:27:24.085994,5680
2021-11-28 22:35:02.723295,1849
2021-11-28 22:35:05.094713,9864
2021-11-28 22:35:14.757024,3966
2021-11-28 23:11:21.656251,9920
2021-11-28 23:12:46.894121,4066
2021-11-29 11:36:43.366505,2647
2021-11-29 11:49:21.553288,2687
2021-11-29 11:53:17.142441,5577
2021-11-29 11:54:00.762732,6907
2021-11-29 11:58:51.911182,6509
2021-11-29 12:00:10.563835,6112
2021-11-29 12:02:56.020498,1900
2021-11-29 12:08:16.905317,9733
2021-11-29 12:10:45.905303,2378
2021-11-29 17:01:04.718418,5743
2021-11-29 18:40:39.112841,589
2021-11-29 18:41:36.140072,927
2021-11-29 23:00:00.235698,5908
2021-11-29 23:04:41.209289,8066
2021-11-29 23:07:28.139236,8149
2021-11-29 23:08:57.575752,1568
2021-11-30 17:08:58.858074,5377
